{"fragments": [{"start": 0, "end": 1.25, "fragment-type": "normal"}, {"start": 1.25, "end": 2.7499999999999996, "fragment-type": "complete_loop"}, {"start": 2.7499999999999996, "end": 4.2499999999999964, "fragment-type": "normal"}]}
